{"cameraMode":{"drawMode":0,"name":"Shaded","section":"Shading Mode"},"sceneLighting":true,"audioPlay":false,"sceneViewState":{"m_AlwaysRefresh":false,"showFog":true,"showSkybox":true,"showFlares":true,"showImageEffects":true,"showParticleSystems":true,"showVisualEffectGraphs":true,"m_FxEnabled":true},"in2DMode":false,"pivot":{"x":752.8941040039063,"y":296.42388916015627,"z":-15.36798095703125},"rotation":{"x":-0.087198905646801,"y":0.0005948951584286988,"z":-0.00005183336907066405,"w":-0.9961941838264465},"size":444.325927734375,"orthographic":false}